"","ironConcentration","phytoGrowthRate"
"1",0.0109647819614319,0
"2",0.0239883291901949,0.5
"3",0.0281838293126445,0.35
"4",0.072443596007499,1.04
"5",0.0758577575029184,0.97
"6",0.114815362149688,1.19
"7",0.239883291901949,1.39
"8",0.239883291901949,1.58
"9",0.380189396320561,1.63
"10",0.691830970918937,1.81
"11",0.741310241300917,1.69
"12",1.12201845430196,1.86
"13",2.45470891568503,1.77
